Species,Type,Normal_1991_2020_MAP_aea,Normal_1991_2020_MAT_aea,Normal_1991_2020_MCMT_aea,Normal_1991_2020_MSP_aea,Normal_1991_2020_MWMT_aea,Normal_1991_2020_NFFD_aea,Normal_1991_2020_PPT_sm_aea,Normal_1991_2020_PPT_sp_aea,Normal_1991_2020_PPT_wt_aea,Normal_1991_2020_RH_aea,Normal_1991_2020_SHM_aea,Normal_1991_2020_Tave_at_aea,Normal_1991_2020_Tave_sm_aea,Normal_1991_2020_Tave_sp_aea,Normal_1991_2020_Tave_wt_aea,Normal_1991_2020_TD_aea
Ambystoma mavortium,1,413.227356,2.599999905,-12.39999962,283.2432861,16.79999924,158,205.6997681,86,48,57,59.40613174,3.099999905,15.69999981,3.099999905,-11.39999962,29.20000076
Ambystoma mavortium,1,444.3056946,3,-11,304.2988892,16.60000038,159,221,92,54,58,54.66942978,3.299999952,15.5,3.299999952,-10.11924934,27.66941261
Ambystoma mavortium,1,449,3,-11.08891392,302.338623,16.62210083,157.9298553,218,98,55,57,55.06764221,3.294752836,15.5,3.299999952,-10.16829109,27.70000076
Ambystoma mavortium,1,473.1474915,3.099999905,-11.19999981,324.5479431,16.89999962,158,228.5608673,108.471962,53.51990891,56.52399063,52.19742966,3.5,15.71427822,3.5,-10.30000019,28.10000038
Ambystoma mavortium,1,461.7358093,3.099999905,-11,313,16.78177834,158,226,100.7358017,55.73580551,57,53.52855682,3.400000095,15.60000038,3.400000095,-10.10000038,27.79999924
Ambystoma mavortium,1,459.9994507,3,-11.30000019,311.9994202,16.79999924,158,223.2381897,102.499733,54.50026703,57,53.95008469,3.400000095,15.69999981,3.400000095,-10.39999962,28.14766312
Ambystoma mavortium,1,450.9125061,3,-11.19350624,303.3721619,16.70000076,158,219,98,56,57,55.04857635,3.299999952,15.55167294,3.299999952,-10.25328159,27.88600922
Ambystoma mavortium,1,419.3851318,2.799999952,-11.66161156,287.3829651,16.70000076,159,211,84.39104462,51,58,58.12842941,3.200000048,15.56164074,3.200000048,-10.76093864,28.41335487
Ambystoma mavortium,1,454,3,-10.89999962,308,16.60000038,158,222.2009125,97,55,57,54,3.299999952,15.5,3.299999952,-10,27.59215927
Ambystoma mavortium,1,449.9381714,3,-11.10000038,303.3469543,16.70000076,158,219,97.96601105,55.90492249,57,54.9588623,3.299999952,15.5,3.299999952,-10.19999981,27.7904911
Ambystoma mavortium,1,455.9631042,3.099999905,-10.9986248,313.9648743,16.70000076,159,227,96,53,57,53.1424942,3.45976615,15.5,3.400000095,-10,27.6036911
Ambystoma mavortium,1,524.9882202,3.641721487,-6.599999905,329.0820923,14.88302803,146.5837402,214.1927795,144.8969574,65.29563141,55,45.18255997,4.199999809,13.60000038,3.099999905,-6.199999809,21.5
Ambystoma mavortium,1,503.7004395,3.099999905,-9.899999619,358.2770081,15.81331062,152.7445831,256.908783,105.3783264,53.12258911,56,44.15158844,3.400000095,14.69999981,3.200000048,-9,25.70916557
Ambystoma mavortium,1,514.5336914,3.599999905,-7.252565384,349.044281,15,147,230.0082397,138.3127899,51,54,43.06677628,4.099999905,13.80000019,3.099999905,-6.699999809,22.29999924
Ambystoma mavortium,1,514.0916748,3.099999905,-9.954920769,358.6768188,15.94405174,153,254.1096191,113.1097488,58.19922256,56,44.42102814,3.400000095,14.80000019,3.208920479,-9.144491196,25.89780426
Ambystoma mavortium,1,423.2593689,3.065645456,-10.33433819,289,16.60000038,162,210,88,51,59,57.37408447,3.400000095,15.37508488,3.400000095,-10.00875282,26.90871811
Ambystoma mavortium,1,435.135437,3.096208811,-12.06365299,297.1011658,17.16980362,162,216.1322784,90.9853363,53,58,57.66518402,3.595994711,15.99523067,3.5,-10.86028862,29.16281891
Ambystoma mavortium,1,452.3261719,2.400000095,-13,301.3700562,16.70000076,157,221,91.45620728,59,57.87571335,55.33480453,2.967465401,15.5,3,-11.76684952,29.70000076
Ambystoma mavortium,1,476.6255493,3.200000048,-9.699999809,341.383606,15.90242195,153,241.3632355,102,51,55.30585098,46.66709518,3.502394676,14.80000019,3.299999952,-8.899999619,25.6024704
Ambystoma mavortium,1,463.9447021,3.099999905,-11.09423161,314,16.79999924,158.559906,229,98.79943848,57,57,53.5516243,3.5,15.66799259,3.299999952,-10.10000038,27.89410591
Ambystoma mavortium,1,406,2.299999952,-13.5,279.7411194,16.89999962,156,202.7720947,85,48,57,60.43724442,2.799999952,15.69999981,2.973869324,-12.39999962,30.39999962
Ambystoma mavortium,1,386.3638611,2.407242537,-13.19999981,268.3612976,17,157,197,83,42,58,63.27441025,3,15.80000019,2.900000095,-12,30.20000076
Ambystoma mavortium,1,449,3,-10.89999962,307,16.60000038,158,222,94,54,58,54.23642349,3.299999952,15.5,3.299999952,-10,27.57383919
Ambystoma mavortium,1,445.9572449,3,-10.98999786,302,16.60000038,157,218,95.87363434,54.06666946,57,54.99320221,3.200000048,15.5,3.299999952,-10.09333038,27.5933075
Ambystoma mavortium,1,442.3701477,3,-10.94724751,302.6366272,16.60000038,159,220.6541748,92,53.65417099,58,54.76916504,3.299999952,15.39999962,3.299999952,-10.10000038,27.5470829
Ambystoma mavortium,1,431.4819641,3.099999905,-11.10000038,304.9427185,16.70000076,156,218.9364471,93,47,56,54.82155991,3.5,15.60000038,3.200000048,-10,27.86411667
Ambystoma mavortium,1,482.2066345,3.099999905,-11.30000019,337.3955078,16.79999924,160,240.4641876,100.112854,53.7298317,57.08208466,49.86011887,3.547529221,15.60000038,3.5,-10.19999981,28.14667892
Ambystoma mavortium,1,449.5605469,2.900000095,-11.31288528,299.4317627,16.70000076,159,216.4297333,98.93412781,56.57982254,58,55.85720062,3.299999952,15.60000038,3.24324441,-10.39999962,28.09869766
Ambystoma mavortium,1,464.1603088,2.099999905,-13.46022224,303.237854,16.47641373,156,220.6517181,95.38353729,64.38323212,58,54.22169876,2.700000048,15.30000019,2.662550449,-12.11334229,29.93819618
Ambystoma mavortium,1,441.8541565,2.936104298,-11,301.8598022,16.60000038,158,219,92.85207367,53,58,54.96432114,3.299999952,15.39999962,3.299999952,-10.19999981,27.60000038
Ambystoma mavortium,1,477.1228027,3.099999905,-10.10000038,336.0733032,16,152,237.2797546,105.3463058,51,55,47.65366364,3.5,14.89999962,3.200000048,-9.199999809,26.16550446
Ambystoma mavortium,1,397,2.599999905,-13.19999981,272.672821,17.29999924,158,196.3708038,88.62918091,44,57,63.44902802,3.299999952,16.10000038,3.200000048,-12.04907608,30.5
Ambystoma mavortium,1,484.8321533,3.099999905,-10.81903267,327.8405762,16.50023842,161,239.7276917,99.00413513,58,58,50.33852005,3.400000095,15.39999962,3.400000095,-9.800000191,27.31913567
Ambystoma mavortium,1,576.1108398,3.181068897,-6.818898678,364.698822,14.16347599,137.7922363,234.2620697,157.9125214,68.25998688,54,38.75648499,3.7809937,12.8811779,2.56301856,-6.438750267,20.99738312
Ambystoma mavortium,1,554.3325195,3.490239382,-6.699999809,348.8532104,14.58388615,143.8248138,225.4653931,155.7488556,67.46214294,54.1122551,41.82785416,4.030031681,13.37498856,2.889441729,-6.300000191,21.28287697
Ambystoma mavortium,1,511.604187,3.831798315,-6.699999809,337.4733276,14.93583012,146.3660126,222.2693176,133.7984314,57.9016571,53.00479507,44.35861588,4.33608675,13.72984314,3.336423874,-6.199999809,21.63596153
Ambystoma mavortium,1,541.8031616,3.400000095,-6.900000095,351.9408569,14.39999962,140,228.9417725,146.8067932,62.74864197,53,40.97836685,4,13.19999981,2.799999952,-6.400000095,21.29999924
Ambystoma mavortium,1,444.7292175,3,-11.91491032,306.8438416,17,161,221.7379303,91.06945038,53,58,55.3655777,3.5,15.80000019,3.400000095,-10.78693867,28.91630554
Ambystoma mavortium,1,401.0239258,2.700000048,-12.30000019,279.0392151,16.89999962,158,203.0246124,86,42,58,60.59521866,3.099999905,15.80000019,3.200000048,-11.19754505,29.20000076
Ambystoma mavortium,1,489.7318726,3.099999905,-10.70816422,332,16.51005936,161,241.8196259,100.8086472,58,58.122509,49.82646942,3.400000095,15.32995796,3.5,-9.699999809,27.22722054
Ambystoma mavortium,1,424.2739563,2.893467426,-11.37217617,290.9363098,16.60000038,159,213,86.98374176,51,58,57.14693451,3.272123337,15.40497398,3.202868938,-10.50162792,27.97340965
Ambystoma mavortium,1,412.6712341,2.599999905,-12.39999962,283,16.79999924,158,205,86,48,57,59.5112114,3.099999905,15.69999981,3.099999905,-11.39999962,29.21144485
Ambystoma mavortium,1,377,2.599999905,-13.89798546,261.9342651,17.60000038,158,194,79,42,57,67.1007843,3.398672342,16.39999962,3.001936913,-12.5,31.40077782
Ambystoma mavortium,1,388.5444641,2.5,-13.10665703,269,17.10000038,157,197.5445862,84,42,58,63.70055389,3.099999905,15.89999962,3.092770338,-12,30.25026703
Ambystoma mavortium,1,454.4663696,3,-11.19999981,305.6800842,16.70000076,158,220.0440979,100.2640228,55,57.57034302,54.65338516,3.299999952,15.60000038,3.299999952,-10.30000019,27.89999962
Ambystoma mavortium,1,514.0244141,3.200000048,-9.614066124,367.030426,15.80000019,153,260,107,55,56,43.0975647,3.5,14.69999981,3.400000095,-8.816288948,25.49738312
Ambystoma mavortium,1,393.6496582,2.602998734,-13.25946617,271,17.39999962,158,196,88,43,57,64.09711456,3.299999952,16.20000076,3.200000048,-12.09841251,30.59841919
Ambystoma mavortium,1,433.5404968,2.900000095,-10.86128044,296.5365601,16.5,159,215.526535,90.55644226,52,58,55.77781296,3.299999952,15.30000019,3.299999952,-10.19999981,27.45362473
Ambystoma mavortium,1,409,2.799999952,-12.42137814,291.6968689,17.12086487,159,211,82.18977356,41,58,58.84992981,3.299999952,15.97912216,3.200000048,-11.281003,29.60366249
Ambystoma mavortium,1,433.4614868,3,-10.60000038,318,16.29585075,154.8300323,225.8198242,92.7832489,41.96328735,56,51.11667252,3.5,15.10000038,3.200000048,-9.634895325,26.89999962
Ambystoma mavortium,1,437.2141724,2.799999952,-11.9532938,298.2161255,16.79999924,159,218.2149658,88.46909332,54,57.75667191,56.25716782,3.299999952,15.60000038,3.299999952,-10.87851048,28.75313187
Ambystoma mavortium,1,497.8122864,3.200000048,-10.85788631,337,16.67461014,163.945755,247.1984558,102,58,60,49.45975876,3.483595848,15.5,3.580831051,-9.758747101,27.47849464
Ambystoma mavortium,1,441.6325073,3,-10.95934963,301.1596375,16.53961372,158,218.4123688,92.41226959,53,58,54.93675995,3.299999952,15.39999962,3.299999952,-10.10000038,27.5
Ambystoma mavortium,1,442.0574646,2.900000095,-11.16605568,300.0648499,16.60000038,158,217.0288086,94.07202148,53,58,55.38709641,3.200000048,15.46596527,3.298010588,-10.26723957,27.76736641
Ambystoma mavortium,1,441.750061,3,-11.74768925,303.7547607,16.90587997,160.0528564,221,91.73719025,53,58,55.79499435,3.400000095,15.80000019,3.400000095,-10.70527363,28.64609909
Ambystoma mavortium,1,407.7028503,2.700000048,-12.69999981,280.4746094,17.10000038,159.0941467,206.4801636,82,50,57,60.85936356,3.299999952,15.89999962,3.200000048,-11.59060097,29.76936722
Ambystoma mavortium,1,488.8677063,3.099999905,-9.964251518,350.6911621,16,154,254.6777954,98.47975922,50,56,45.59819794,3.400000095,14.80000019,3.299999952,-9.100000381,25.93195915
Ambystoma mavortium,1,458.8598328,3.299999952,-9.583325386,329.1641541,16.0256691,153,231.8771515,101,48,55,48.69709396,3.700000048,14.88887501,3.299999952,-8.800000191,25.58737946
Ambystoma mavortium,1,443,3,-11.63571453,305,16.89999962,160,222,92,53,58,55.4154129,3.400000095,15.72080803,3.400000095,-10.63166142,28.54894829
Ambystoma mavortium,1,489.6897278,3.200000048,-11.19999981,345.7655334,16.89999962,159.9018555,245.098526,102,53,57,48.81351852,3.599999905,15.64909744,3.599999905,-10.19999981,28.10000038
Ambystoma mavortium,1,502.2147522,3.099999905,-9.867236137,359.3262939,15.80000019,152.5550232,258,104.1615219,52.16152191,56,44.0341568,3.400000095,14.66727829,3.200000048,-8.994545937,25.66639328
Ambystoma mavortium,1,412.2641296,2.900000095,-12.16358376,282.0991821,17.11478806,157,205.3726807,91.13897705,46,57,60.76509857,3.400000095,16,3.299999952,-11,29.26292038
Ambystoma mavortium,1,422.0395508,2.799999952,-11.49901485,289.0699158,16.65335274,159,212,85.57382965,51.46898651,58,57.55001068,3.200000048,15.45330429,3.200000048,-10.65310574,28.14822578
Ambystoma mavortium,1,412.6554565,2.599999905,-12.39999962,283,16.79999924,158,205,86,48,57,59.53442764,3.099999905,15.69999981,3.099999905,-11.39999962,29.23505402
Ambystoma mavortium,1,440.1950989,3,-11.4164114,303,16.79999924,160,219,90.60832214,52.77264023,58,55.39663315,3.400000095,15.61641788,3.400000095,-10.41639709,28.18093109
Ambystoma mavortium,1,569.2246094,3.400000095,-6.760009289,354.2875366,14.49217224,143,227.9483795,162.2445679,70.55610657,55,40.86014557,3.980396986,13.24830341,2.799999952,-6.300000191,21.24824142
Ambystoma mavortium,1,390.4685364,2.5,-13.09596729,269,17,158,196.7164764,85,43,58,63.0469017,3,15.80000019,3,-11.91833305,30.07478333
Ambystoma mavortium,1,385,2.700000048,-13.10000038,262,17.39999962,157,189,87,45,57,66.34062195,3.299999952,16.20000076,3.200000048,-11.89999962,30.5
Ambystoma mavortium,1,385.1378174,2.700000048,-13.19999981,262,17.39999962,157.5895844,188.0656128,87,46,57,66.59275818,3.400000095,16.29999924,3.200000048,-12,30.65480042
Ambystoma mavortium,1,389,2.5,-13.12718773,268,17,157.7519989,196.4013672,84,42.4661293,58,63.3176651,3,15.84639072,3,-11.95985031,30.10640144
Ambystoma mavortium,1,425.2631531,3.400000095,-10.48345089,298.8132019,16.88271904,154.0888062,210.7580261,96.93766022,45,55,56.49795532,3.799999952,15.69999981,3.526355743,-9.58208847,27.3243103
Ambystoma mavortium,1,443.3319397,3.099999905,-11.29183674,312.5778809,16.89177513,157,223.0818024,97.26675415,47,56,53.98548508,3.599999905,15.69999981,3.299999952,-10.19999981,28.17364311
Ambystoma mavortium,1,502.3954468,3.200000048,-9.800000191,360.5966187,16.00683022,153.5088654,255.609024,105.609024,53.68455124,56,44.44601059,3.539097309,14.90695572,3.400000095,-9.068440437,25.80742073
Ambystoma mavortium,1,378.9721375,2.599999905,-13.69999981,261.966156,17.5,158,192,81,43,57,66.81814575,3.299999952,16.38563347,3.099999905,-12.39999962,31.20000076
Ambystoma mavortium,1,399.8896179,2,-14.31554604,270,16.96891975,155.1151123,199,85,46.29441833,58,62.80802536,2.599999905,15.69999981,2.599999905,-13,31.29999924
Ambystoma mavortium,1,386.0567322,2.700000048,-13.19999981,262.1065063,17.5,158,189,87,47,57,66.5,3.400000095,16.29999924,3.200000048,-12,30.70000076
Ambystoma mavortium,1,386,2.700000048,-13.20959854,263,17.5,158,190,86,46,57,66.5,3.400000095,16.29999924,3.200000048,-12,30.70235062
Ambystoma mavortium,1,389,2.599999905,-12.80000019,270,17.13768959,157,198,84.47644043,42,58,63.58818817,3.099999905,15.9381361,3.200000048,-11.69999981,29.91302109
Ambystoma mavortium,1,456,2.599999905,-12.53353691,304.3199463,16.70000076,158,224,91,59,57,54.79999924,3.099999905,15.5,3.099999905,-11.39805984,29.23300934
Ambystoma mavortium,1,433.0658264,2.700000048,-12.47520828,295.2459412,16.89999962,159,216.1190491,87.38239288,54,57,57.15967178,3.200000048,15.69999981,3.200000048,-11.30000019,29.29999924
Ambystoma mavortium,1,462.4326477,3.200000048,-9.800000191,327.3374023,16,152.4962616,231.2163239,101.2163162,50,55,48.93510437,3.599999905,14.89123917,3.299999952,-9,25.79999924
Ambystoma mavortium,1,448.7892761,3.099999905,-11.19999981,310.7947083,16.79999924,157,223.7740631,98,51.86560822,57,54.0210228,3.400000095,15.60000038,3.332972527,-10.19999981,28
Ambystoma mavortium,1,449.6083984,3.634538412,-7.300000191,328.3938293,15.22407055,150.3296661,223.1876526,108.7625427,38.76234818,55,46.41423798,4.024196625,14.0255003,3.299999952,-6.800000191,22.58145142
Ambystoma mavortium,1,491.3793335,3.200000048,-10.5,333,16.60000038,161,241,99.50928497,60.25592041,58,49.78695297,3.400000095,15.39999962,3.585419893,-9.600000381,27.08744431
Ambystoma mavortium,1,525,2.799999952,-15.53848553,358,19,157,245.9644318,116.3513031,58,58,53.00457001,4.199999809,17.89999962,3,-13.82357025,34.52329636
Ambystoma mavortium,1,541.5679932,3.200000048,-15.5,361.2740173,19.39999962,158,238.1407318,126.1406326,64,59,53.69693375,4.699999809,18.28646851,3.099999905,-13.30000019,34.90000153
Ambystoma mavortium,1,535.2408447,3.200000048,-15.5,362,19.39999962,158,240,125,61,59,53.63676453,4.699999809,18.29065323,3.099999905,-13.19999981,34.90000153
Ambystoma mavortium,1,535.2796631,3.200000048,-15.5,362.1016846,19.39999962,158,240,124.7648315,61,59,53.57207108,4.699999809,18.24588585,3.099999905,-13.19999981,34.90000153
Ambystoma mavortium,1,526.7875366,2.900000095,-15.10000038,356,19,160,243.914917,115,59,59,53.4294548,4.199999809,17.79999924,3.099999905,-13.30000019,34.09999847
Ambystoma mavortium,1,563.1747437,1.182378411,-16.78043175,374.6686096,17.20000076,144,255,127.162674,64,59,45.85445404,2.61949563,15.98232079,1.152551413,-15.10000038,33.90000153
Ambystoma mavortium,1,563.4363403,1.171422958,-16.72854996,375,17.21948624,144.1720123,255,127.4406128,64,59,45.89884567,2.6713624,15.97151566,1.171315551,-15.08279419,33.93074799
Ambystoma mavortium,1,516.8790894,3.099999905,-15.10000038,355.2201843,19.20000076,159,245.0127869,114,54.01278687,59,54.01715088,4.400000095,18.0472374,3.299999952,-13.39999962,34.29999924
Ambystoma mavortium,1,536.6421509,3.139799595,-15.19999981,365.0413513,19.22224426,158,241.3618469,125,60,59,52.64201355,4.639832973,18.13974571,3.099999905,-13.19999981,34.44046021
Ambystoma mavortium,1,483.8859253,2.263175249,-16.05859756,321.6048889,18.50424385,158,227.0122833,101.2171097,60.91085052,60.33742905,57.49511337,3.604706049,17.30441666,2.326537848,-14.3337431,34.56625748
Ambystoma mavortium,1,533.8425293,3.099999905,-15.10000038,367.3233643,19.10000038,158,252.3276215,119,54,58,51.91007614,4.400000095,18,3.211261272,-13.30000019,34.13249207
Ambystoma mavortium,1,542.4596558,1.570238352,-16.51176643,361.9938049,17.58808899,147.2241058,249.002243,119.9754028,63,58.07932281,48.48844528,2.988933563,16.39357567,1.588570356,-14.8222456,34.10033035
Ambystoma mavortium,1,547.3414917,1.5,-16.60000038,366.2066345,17.5,147,252,121.35215,62,59,47.70000076,2.900000095,16.31420326,1.600000024,-14.89999962,34.09999847
Ambystoma mavortium,1,591.0496826,2.799999952,-15,404.2752686,18.42175865,155,278.270874,131.0574341,58,58,45.566082,3.978847265,17.39999962,2.900000095,-13.19999981,33.40000153
Ambystoma mavortium,1,521.3935547,3.125029564,-14.99848557,355.7396545,19.29999924,160,243.8984985,114,55.8964653,59,54.21668625,4.408956528,18.10000038,3.299999952,-13.28831768,34.2977562
Ambystoma mavortium,1,575.2637939,2.830585957,-15.30000019,384.9581299,18.83096123,157,250.2971954,134,66,61,48.94088364,4.5,17.79999924,2.700000048,-13.60000038,34.10118103
Ambystoma mavortium,1,539.0675049,3.200000048,-15.30000019,363.0169983,19.39999962,158,239,126,62.03915024,59,53.40000153,4.699999809,18.29999924,3.099999905,-13.19999981,34.70000076
Ambystoma mavortium,1,543.1627197,1.600000024,-16.60000038,364,17.70000076,147,248.0166321,124,62,58,48.54232407,3.041525841,16.5,1.700000048,-14.80000019,34.29999924
Ambystoma mavortium,1,539.9165039,1.5717628,-16.5359745,362.070282,17.66391563,146.5146332,247.0613556,123.3263931,60.57587433,58,48.75835419,3.064166069,16.46392441,1.671984434,-14.74848938,34.20000076
Ambystoma mavortium,1,539.5718384,1.594154835,-16.50623322,362.0508728,17.6930275,146.9378052,247.0595703,123.1038895,60.95533371,58,48.86991882,3.093493223,16.49406815,1.694016337,-14.78934479,34.20000076
Ambystoma mavortium,1,552.3440552,2.599999905,-15.92083454,361.5496521,18.93439293,155.3543396,240,129,65.35414124,59,52.36879349,4.134277821,17.7341423,2.599999905,-14,34.90000153
Ambystoma mavortium,1,517.1630859,2.286642075,-16,343,18.60000038,153,237,110,59,58,54.20000076,3.799999952,17.29999924,2.117938995,-14.19999981,34.59999847
Ambystoma mavortium,1,565.368103,1.200000048,-16.70000076,375.8733521,17.20000076,144,255,128,64.48638916,59,45.86371994,2.700000048,16,1.187907219,-15,33.90000153
Ambystoma mavortium,1,516,3.099999905,-15.10000038,355,19.20000076,159,244.3463593,114,53.96389008,59,54.19971466,4.400000095,18.10000038,3.299999952,-13.30000019,34.29999924
Ambystoma mavortium,1,536.6792603,3.200000048,-15.5,362.4497681,19.39999962,158,240,125,61,59,53.63211823,4.699999809,18.27762413,3.099999905,-13.22455978,34.94552994
Ambystoma mavortium,1,534.2145386,3.200000048,-15.5,362,19.39999962,158,240,124.1457443,60.23295212,59,53.72593689,4.699999809,18.29159546,3.099999905,-13.19999981,34.90000153
Ambystoma mavortium,1,517.9942017,3.299999952,-14.91662121,354.9880981,19.38318443,160,241.0914154,116.0914154,55,58,54.57339859,4.599999905,18.20000076,3.5,-13.19999981,34.29999924
Ambystoma mavortium,1,536.1088257,3.200000048,-15.5,362.1094055,19.39999962,158,240,125,61,59,53.56437683,4.699999809,18.24457932,3.099999905,-13.22144032,34.90000153
Ambystoma mavortium,1,542.0701904,3.099999905,-15.19999981,371,19.10000038,157,246,126,59,59,51.59999847,4.599999905,18.10000038,3,-13.19999981,34.40000153
Ambystoma mavortium,1,569.2698975,2.900000095,-15.19999981,379,18.89999962,157,247,132,68,61,49.84995651,4.5,17.79999924,2.799999952,-13.5,34.12660217
Ambystoma mavortium,1,520.6817627,3.531610727,-14.60000038,356.6810608,19.43180656,161,242.6693726,119,53.57117844,58,54.56358337,4.800000191,18.39999962,3.799999952,-12.80000019,34
Ambystoma mavortium,1,520.9693604,3.698603868,-14.40151024,355.0072632,19.5,162,240,120,55,58,55.01572418,4.900000095,18.5,3.900000095,-12.60000038,34
Ambystoma mavortium,1,519,3.5,-14.69999981,352,19.39999962,162,238,118,57,59,55.18964386,4.699999809,18.29999924,3.700000048,-12.89999962,34.09999847
Ambystoma mavortium,1,526.1689453,3.428693056,-14.62756824,361.27948,19.29999924,160,247,119,53.73690414,58,53.51158524,4.699999809,18.29999924,3.700000048,-12.87368011,34
Ambystoma mavortium,1,538.7365112,1.898576498,-16.5,361,18.06841278,149,245,124,61.71048737,58,50.04285431,3.309114456,16.80950546,1.972318292,-14.60000038,34.5
Ambystoma mavortium,1,500.5531616,2,-16.20819092,330.5706177,18.2066288,156.4337158,230.529541,108.5662079,64,62,55.14020538,3.447712421,17,1.906754971,-14.35664463,34.44513702
Ambystoma mavortium,1,532,3.130119324,-15,367.6956177,19.10000038,158,252,119,53,58,52.03922653,4.400000095,18.08581161,3.299999952,-13.19999981,34.09999847
Ambystoma mavortium,1,536.8766479,3.200000048,-15.5,360.2304688,19.39999962,158,238,125,62,59,53.88951492,4.699999809,18.29999924,3.099999905,-13.26615047,34.94163895
Ambystoma mavortium,1,545.4475098,3.24186039,-15.28312588,362.8440247,19.44259453,158.9399567,237,127.0861435,63.91386032,59.91386032,53.63100815,4.816495895,18.31631851,3.140244246,-13.30000019,34.70000076
Ambystoma mavortium,1,553.1509399,2.338463306,-16.06292915,362.099762,18.60099983,153.3467407,242,128.0340729,65.38063049,58.0340271,51.34986877,3.838307142,17.43087006,2.389847279,-14.19999981,34.69444656
Ambystoma mavortium,1,539.2921753,3.200000048,-15.54295254,359.2939758,19.39999962,158,237.1036377,126,64,59,54.00898743,4.699999809,18.29999924,3.099999905,-13.30033875,34.97925949
Ambystoma mavortium,1,535.1635742,3.200000048,-15.39999962,362.5522156,19.39999962,158,240,124.3667908,60.83465195,59,53.44488144,4.699999809,18.20000076,3.099999905,-13.19999981,34.79999924
Ambystoma mavortium,1,517,2.244724035,-16,343,18.60000038,153,237,110,59,58,54.20000076,3.799999952,17.29999924,2.129013777,-14.19999981,34.5747261
Ambystoma mavortium,1,529.6092529,2.700000048,-15.89999962,356,19.10000038,156,243,120.6313629,62.20297623,58,53.63912201,4.199999809,17.89999962,2.900000095,-14.16313648,34.93686295
Ambystoma mavortium,1,531,3.200000048,-14.95853806,366.4860535,19.20000076,159,251,119,53,58,52.29999924,4.5,18.10000038,3.390740633,-13.1548872,34.09999847
Ambystoma mavortium,1,534.5543213,3.099999905,-15.10000038,370.555603,19.10000038,158,254.3182983,120,53,58,51.47133636,4.400000095,18,3.200000048,-13.19999981,34.20000076
Ambystoma mavortium,1,528.3140869,3.259084702,-14.69999981,357.4124451,19.20000076,161,242,120,59,59,53.66259384,4.5,18.10000038,3.400000095,-13,33.90000153
Ambystoma mavortium,1,538.6951294,3,-15.4593811,371,19.10000038,157,251.6817932,123,56,58,51.53045654,4.400000095,18,3,-13.30000019,34.59999847
Ambystoma mavortium,1,578.2260742,2.900000095,-15.19999981,390.3012085,18.81037521,157,255.8876953,133.3989868,63.88819885,61,48.23942947,4.5,17.79999924,2.799999952,-13.43995476,34.09999847
Ambystoma mavortium,1,541.3201904,1.600000024,-16.60000038,363.6600342,17.70000076,147,248.0596008,123.6821594,61.0176239,58,48.6272583,3,16.5,1.700000048,-14.80000019,34.26199722
Ambystoma mavortium,1,506,2,-16.12495613,339.9354248,18.39999962,153,240,99.67701721,58,58.2299881,54.28773499,3.380399466,17.10000038,2.177230358,-14.52534008,34.59999847
Ambystoma mavortium,1,531.6915283,2.700000048,-15.80000019,359.9750977,19.00031471,156,244.8420868,121,60.10019684,58,52.8306427,4.199999809,17.89999962,2.831277132,-14,34.87351608
Ambystoma mavortium,1,510.8494873,2.344084263,-15.95592499,340.6875,18.60000038,158,235.6652679,110.6653061,62,60,54.50323868,3.74410367,17.36074638,2.400000095,-14.10000038,34.5
Ambystoma mavortium,1,525.0830688,2.203241825,-16.19682693,352.9609375,18.40226173,156.064743,243.9342804,113,61,59,52.19759369,3.599999905,17.20300674,2.387874603,-14.2976923,34.59783173
Ambystoma mavortium,1,528.9135742,2.731725454,-15.86821747,363,19.08118248,156,247.2117615,119.9199371,57.72549438,58,52.48102951,4.199999809,17.88142395,2.799999952,-13.82109737,34.90000153
Ambystoma mavortium,1,566.4570923,3.425262451,-15,384.6828308,19.52264977,159.2715607,249.0200958,132,59,61,50.76960373,5.099999905,18.5,3.400000095,-13.17290401,34.5
Ambystoma mavortium,1,536,3.099999905,-15.10000038,372.1505737,19.10000038,158,255.3184509,120.3855057,53,58,51.22793198,4.400000095,18,3.200000048,-13.26815414,34.20000076
Ambystoma mavortium,1,530,3.299999952,-14.80000019,364,19.20000076,159,249,119,54,58,52.87243652,4.5,18.17259598,3.5,-13,34
Ambystoma mavortium,1,531,3.236350536,-14.86364079,364.4690552,19.20000076,159,249.152298,118,55,58,52.65351486,4.5,18.10000038,3.436228037,-13.10000038,34.06380463
Ambystoma mavortium,1,536.6107788,3.099999905,-15.39675617,364.7273254,19.20000076,157.886795,240.9521332,126,59.01218796,59,52.6548996,4.599999905,18.10000038,3,-13.29356575,34.53473663
Ambystoma mavortium,1,556.4883423,3.151135445,-15.34120178,367.4884338,19.35100746,158,239.5041656,128.3996429,65.50327301,61,52.75329208,4.800000191,18.25112343,2.951143503,-13.45029831,34.70000076
Ambystoma mavortium,1,511.3564758,2.42920804,-15.89455032,341.6502686,18.64250565,158.3867798,236.6557007,111,61.96522903,60,54.54656219,3.805402756,17.44223785,2.505441666,-14,34.5034523
Ambystoma mavortium,1,542.6262817,3,-15.30000019,374.9876404,19,157,255.9789886,121,55.90460587,58,50.80114365,4.39529562,17.89999962,3,-13.30000019,34.29999924
Ambystoma mavortium,1,542.24646,1.808181047,-16.5,364,17.94999123,149,249,123,62,58,49.26591492,3.299999952,16.79999924,1.949820518,-14.69999981,34.40769958
Ambystoma mavortium,1,526.425415,3.200000048,-15,361.3421936,19.20000076,159,247.0058594,118,55,58,53.15488052,4.5,18.10000038,3.400000095,-13.19999981,34.20000076
Ambystoma mavortium,1,530.7241821,3.200000048,-14.69999981,358.7245178,19.10000038,161,243,120,60,59,53.38074493,4.400000095,18,3.400000095,-13,33.90000153
Ambystoma mavortium,1,516.0924072,3.607458591,-14.44647312,350.5198364,19.58956146,162,236,119,56,58,55.83733749,4.900000095,18.5,3.900000095,-12.69999981,34
Ambystoma mavortium,1,584.1403198,2.900000095,-15.19999981,394.2141724,18.79999924,156.0827026,258.2731628,133.5205841,65,61,47.69348907,4.5,17.79999924,2.799999952,-13.5,34.00958633
Ambystoma mavortium,1,541.7120972,3.200000048,-15.5,361.5237427,19.39999962,158,238.345108,126.2001572,64,59,53.62887192,4.699999809,18.28132248,3.099999905,-13.30000019,34.90000153
Ambystoma mavortium,1,537.5958862,3.199868679,-15.30028534,365,19.29932213,158,240.2223969,126.7779236,59.77871323,59,52.83830261,4.618612289,18.19935799,3.099999905,-13.19999981,34.60251236
Ambystoma mavortium,1,582.3887939,2.900000095,-15.19999981,392.9272156,18.79999924,156.1386108,257.4226074,133,64.94126129,61,47.8678093,4.5,17.79999924,2.799999952,-13.49414063,34.01350403
Ambystoma mavortium,1,533.8400879,3.099999905,-15.09806633,369,19.10000038,158,252.9379578,120,53.90885162,58,51.75365829,4.400000095,18,3.251166821,-13.19999981,34.20000076
Ambystoma mavortium,1,537.7410278,3.099999905,-15.39811707,365.7072144,19.20000076,157.2014618,241.9536285,126,59,59,52.50911713,4.599999905,18.10000038,3,-13.29786587,34.5042572
Ambystoma mavortium,1,538.5789795,3,-15.5,371,19.10000038,157,251.7533417,123,56,58,51.51467514,4.400000095,18,3,-13.32455063,34.59999847
Ambystoma mavortium,1,530.7996826,3.200000048,-15,363.8044739,19.20000076,159,249.7354279,118.1864014,55,58,52.69926453,4.497036934,18.10000038,3.400000095,-13.19999981,34.11395264
Ambystoma mavortium,1,530.637146,3.200000048,-14.99971962,363.6673889,19.20000076,159,248.7897034,118.8954773,55,58,52.75574493,4.5,18.10000038,3.400000095,-13.19999981,34.11004257
Ambystoma mavortium,1,530.1571655,2.700000048,-15.89999962,356,19.10000038,156,243,121,62.71136475,58,53.61568451,4.199999809,17.89999962,2.900000095,-14.19999981,34.94269562
Ambystoma mavortium,1,533.7801514,3.099999905,-15.10000038,369.7810669,19.10000038,158,253.461319,120,53,58,51.62580872,4.400000095,18,3.200000048,-13.19999981,34.20000076
Ambystoma mavortium,1,533.9110718,3.099999905,-15,369.7741089,19.10000038,158,253.6291656,120,53,58,51.67713547,4.400000095,18,3.299999952,-13.19999981,34.09999847
Ambystoma mavortium,1,538.732666,3.099999905,-15.33339024,366.6974182,19.20000076,157,242.8460999,125.2607346,59,59,52.3509903,4.599999905,18.10000038,3,-13.22607327,34.50490952
Ambystoma mavortium,1,427.4741211,2.400000095,-15.10000038,291.7247009,18.10000038,159,208.7851105,88.6844635,49,59,62.04898834,3.526735783,16.92713356,2.599999905,-13.5,33.20000076
Ambystoma mavortium,1,410.6217346,2.299999952,-15.60000038,290.3310242,18.20000076,163,208.0286865,80.46879578,39.76409912,60,62.71767807,3.5,17.10000038,2.599999905,-13.89999962,33.79999924
Ambystoma mavortium,1,458,2.099999905,-15.89999962,308,18,156,218.4813538,96.18832397,55,58,58.38032532,3.400000095,16.79999924,2.200000048,-14,33.81882095
Ambystoma mavortium,1,429,2.099999905,-16.10000038,302,18.10000038,163,220,79.55613708,44,61,59.96686554,3.466914415,17,2.299999952,-14.23396111,34.20000076
Ambystoma mavortium,1,455.5735474,2.200000048,-15.69999981,305.3772278,18.08047676,156,216,97,55,58,59.15726089,3.5,16.89999962,2.299999952,-13.89999962,33.79999924
Ambystoma mavortium,1,391.082428,2.200000048,-13.92580891,264.0984192,17.10000038,158,192,87.19894409,44,59,64.76637268,2.700000048,16,2.900000095,-12.89999962,31.09602165
Ambystoma mavortium,1,467.040863,2.787157059,-14.69999981,309.0440979,18.29999924,158,214,107,58,58,59.28383255,3.900000095,17.20000076,2.900000095,-13,33
Ambystoma mavortium,1,441.7622375,2.799999952,-14.60000038,295.762207,18.29999924,158.2406769,208.480072,99.53705597,54,57,61.89534378,3.900000095,17.20000076,2.951627016,-13,32.90000153
Ambystoma mavortium,1,443.7119446,2.750045061,-14.60000038,297.7097778,18.29999924,158,209.7016754,99.49948883,54,57,61.48661423,3.850045204,17.20000076,2.921064138,-13,32.90000153
Ambystoma mavortium,1,390.8256226,2.130882978,-14,263,17.20000076,157,190.6439819,88.18146515,44.50973129,58.49025345,65.16845703,2.700000048,16.10000038,2.900000095,-13.05097485,31.15098381
Ambystoma mavortium,1,494.7717285,2.5,-14.89999962,327.7575378,18,156,226.7967987,112.1326447,60.98400116,58,54.95785522,3.601943254,16.89999962,2.700000048,-13.19999981,32.90000153
Ambystoma mavortium,1,373.0211792,1.899999976,-15.10000038,257.0282288,17.29999924,155,191,76,42,57,67.37963867,2.700000048,16.10000038,2.5,-13.69999981,32.40000153
Ambystoma mavortium,1,525.6662598,2.700000048,-14.80000019,354.3231812,18.39999962,158,241.8489227,120.8489151,61,59,51.92111206,3.846370697,17.29999924,2.799999952,-13.30000019,33.20000076
Ambystoma mavortium,1,457.4770813,3.900000095,-7.400000095,324.7699585,15.69999981,153.2090149,218.7525482,115.2090912,42,54.71885681,48.23581314,4.317245007,14.43769264,3.599999905,-6.800000191,23.07183838
Ambystoma mavortium,1,513.6506348,3.700000048,-14.30000019,348,19.53548241,163,234,120,56,58,56.13500214,4.900000095,18.5,3.900000095,-12.5,33.79999924
Ambystoma mavortium,1,438.1659546,3.799999952,-7.394042492,312.7191772,15.5,151,215.0578003,104.3036575,39.4224472,55,49.50701523,4.199999809,14.19999981,3.42068696,-6.800000191,22.8757534
Ambystoma mavortium,1,433.796814,3.657269001,-7.411412716,310.6161499,15.30765629,148.6901398,213.9898987,103.1072159,39.31013107,54,49.32522202,4.05660677,14.08010101,3.340815306,-6.857326984,22.71984863
Ambystoma mavortium,1,427.0016785,3.736504793,-7.42982626,306.0097656,15.53513336,150,210.7092133,100.648674,38,54.13100815,50.64693832,4.13513279,14.23662567,3.436957836,-6.900000095,22.93513298
Ambystoma mavortium,1,440.3302917,4.099999905,-7.400000095,310.3834229,15.90363312,154.2835846,207.7349701,111.867485,42.96245956,54,51.28378296,4.5,14.69999981,3.799999952,-6.699999809,23.29999924
Ambystoma mavortium,1,424.3873291,2.799999952,-11.30000019,290.0479126,16.60000038,159,212,87,52,58,57.12317657,3.200000048,15.39999962,3.200000048,-10.5,27.89110756
Ambystoma mavortium,1,469,2,-16.20000076,313,18.10000038,156,223,97,59,59,57.94789505,3.299999952,16.89999962,2.099999905,-14.43157578,34.29999924
Ambystoma mavortium,1,380.4659424,2.200000048,-13.60000038,268,16.79999924,155,196,76,41.46593094,57,62.71016312,2.799999952,15.69999981,2.700000048,-12.39999962,30.39999962
Ambystoma mavortium,1,420.5438232,2.700000048,-12.10000038,286.5409546,16.79999924,158,206.990097,89.97733307,49.5632515,57,58.78894424,3.200000048,15.69999981,3.099999905,-11.10000038,28.90226746
Ambystoma mavortium,1,486.2485352,0.995520413,-17.43788528,317.0455017,17.09538841,151,228,93.80012512,61,59.14475632,53.91602325,2.362230301,15.89549065,1.061765194,-15.39999962,34.5
Ambystoma mavortium,1,448.6503601,3,-10.92313671,302.0145569,16.60000038,157,218,97.04174042,54.82688141,57,54.98363495,3.200000048,15.5,3.299999952,-10.01727295,27.5211525
Ambystoma mavortium,1,446.0614929,3,-11,302,16.60000038,157,218,96.04619598,54,57,54.9718132,3.200000048,15.5,3.299999952,-10.07673645,27.60000038
Ambystoma mavortium,1,446.0917053,3,-11,302.0862122,16.60000038,157,218.130127,96,53.97005463,57,54.9810524,3.200000048,15.42570686,3.299999952,-10.10000038,27.60000038
Ambystoma mavortium,1,423.6998596,3.700000048,-7.46077776,303.9474182,15.5,149.3809509,208.9174805,99.38095093,37.38094711,54.15539551,50.91690063,4.099999905,14.19999981,3.400000095,-6.900000095,22.89999962
Ambystoma mavortium,1,392.0149231,1.488296866,-15.60000038,269.3013,16.89999962,151,199.2084656,79,44,57,62.73418427,2.388021946,15.68838406,2,-14.17068577,32.5
Ambystoma mavortium,1,469.8435059,2.400000095,-15.5,316.4375,18.39999962,158,221,104,55,59,58.06570816,3.647498846,17.20571709,2.599999905,-13.8444376,33.84855652
Ambystoma mavortium,1,425,2.804441929,-11.36427593,290.9464111,16.60399628,159,212.9998627,87.00021362,51.61865616,58,57.00001144,3.200013161,15.40475368,3.200000048,-10.5,27.96199417
Ambystoma mavortium,1,463.9754333,3,-11.39999962,306.9806824,16.70000076,161,223.4543304,93,60.64470673,58,54.45573425,3.400000095,15.5,3.400000095,-10.24295807,28.10000038
Ambystoma mavortium,1,571.8200684,1.100000024,-16.79999924,377.7086487,17.10000038,143.8124695,255.991333,131.1096039,66,59.55248642,45.32915497,2.599999905,15.89999962,1.082833171,-15.10000038,33.90000153
Ambystoma mavortium,1,447.3424072,3,-11.27896404,310.3913574,16.70000076,159,224.1369476,92.93814087,50.27269745,57,53.67838669,3.418703556,15.50634575,3.306007147,-10.19999981,27.90714836
Ambystoma mavortium,1,425,2.89377284,-11.30276394,291.0147095,16.59812164,159,212.612793,87.59320068,51.01193237,58,57.03813171,3.238069773,15.39877987,3.200000048,-10.5,27.90119553
Ambystoma mavortium,1,485.3750305,3.099999905,-10.92648792,328.644104,16.59535027,161,239.6786194,99.00421143,58,59,50.42527008,3.400000095,15.39999962,3.5,-9.83204937,27.464468
Ambystoma mavortium,1,496,3.200000048,-10.89701653,335.1185608,16.67891693,163,245.8634644,102,58,59.14323807,49.69744492,3.483481884,15.5,3.5,-9.800000191,27.56941032
Ambystoma mavortium,1,471.0823975,3.099999905,-10.30000019,346.225647,16.22720146,154,243.8549652,103.8546753,43.85552216,56,46.89171982,3.599999905,15.02753067,3.299999952,-9.5,26.56436157
Ambystoma mavortium,1,447.1162415,3.700000048,-7.300000191,317.3022156,15.46469402,150,216.7384338,107.8174133,41.07912827,55,48.69624329,4.16493845,14.19130898,3.400000095,-6.792090893,22.79211998
Ambystoma mavortium,1,436.9311829,3.799999952,-7.38004446,317.5732727,15.58318806,153,216.2929382,105.5623856,39,55,48.97234344,4.199999809,14.30000019,3.5,-6.800000191,22.94379044
Ambystoma mavortium,1,443.8624878,3,-11.81020927,303.8584595,16.90089607,161,221,92,53.46878815,58,55.76722336,3.5,15.80000019,3.400471449,-10.69999981,28.79999924
Ambystoma mavortium,1,479.2441101,3.099999905,-11.19999981,333,16.79999924,160.4810181,238.2550354,99.24463654,54,58,50.44799805,3.526452303,15.60000038,3.5,-10.10000038,28
Ambystoma mavortium,1,374.3026733,2.490523577,-14.09950829,260.0697021,17.59255028,157,193.1398926,77.95103455,42,57,67.5661087,3.201507092,16.41674614,3,-12.80183792,31.68552399
Ambystoma mavortium,1,447.2970276,2.900000095,-11.39999962,298,16.70000076,159,215.2951202,97.47854614,56.52145386,58,56.17940903,3.279428482,15.60000038,3.200000048,-10.4566288,28.10000038
Ambystoma mavortium,1,471.2179871,3.109435797,-10.15287495,350.4703064,16.22554398,155,243.904068,108,40.72622299,56,46.40391922,3.599999905,15,3.400000095,-9.399999619,26.42713165
Ambystoma mavortium,1,464.7945862,3.099999905,-10.42514515,341.991333,16.29999924,154,243,97.00035095,44.45185852,56,47.62054443,3.599999905,15.10000038,3.299999952,-9.600000381,26.70000076
Ambystoma mavortium,1,533.1400757,2.693166733,-16,361.3009949,19,156,246.1950989,121,60.44050598,58,52.60991287,4.099999905,17.86934471,2.753780603,-14,34.97412109
Ambystoma mavortium,1,496.1735535,3.200000048,-10.86337852,335.7919617,16.66268539,163,246.1862183,102,58,59.82947922,49.64831924,3.465771675,15.5,3.5,-9.777689934,27.47795677
Ambystoma mavortium,1,470.923584,3,-11.66077232,322.517334,16.86095619,161,234.2620392,96.39891815,55,58,52.26837158,3.460735321,15.69999981,3.5,-10.5,28.46364784
Ambystoma mavortium,1,464.3875122,3.099999905,-10.30000019,340.1499329,16.20000076,154,243,95,45.13434219,56,47.68652344,3.5,15.10000038,3.299999952,-9.474722862,26.57472229
Ambystoma mavortium,1,425.1899109,2.900000095,-11.00358105,291.1758423,16.5,159,212,88,51.98871231,58,56.76233292,3.299999952,15.30000019,3.299999952,-10.37862968,27.57891083
Ambystoma mavortium,1,444.0626831,3,-11.9740715,306.6947632,17,161,221.4046631,91.0875473,52.31937408,58,55.356884,3.5,15.80000019,3.400000095,-10.81448364,28.97289276
Ambystoma mavortium,1,446.0703125,3,-11,302.4830017,16.60000038,158,218.5451965,95,53.2327652,57.7672348,54.82340622,3.200000048,15.39999962,3.299999952,-10.10000038,27.56903267
Ambystoma mavortium,1,516.9559326,3.599999905,-14.42397308,351,19.5,162.0665436,236,119.6446915,56,58,55.69976807,4.900000095,18.5,3.900000095,-12.69999981,34
Ambystoma mavortium,1,424.8848572,2.700000048,-11.96503735,289.1236267,16.79999924,158,210,89.12062073,51,58,57.9764061,3.200000048,15.60000038,3.200000048,-11,28.7643013
Ambystoma mavortium,1,425.5973511,4.199999809,-7.347948551,300.1205444,16.14562988,155.9877319,199.5295258,107.5192032,41.98963547,54,53.77822113,4.699999809,14.94553089,3.949743032,-6.699999809,23.54576111
Ambystoma mavortium,1,473.4440613,3.099999905,-10.11143875,350.3829651,16.20000076,154.0749359,244.7955933,107.4969177,41.63206482,56,46.21875,3.599999905,15,3.34956646,-9.399999619,26.32000351
Ambystoma mavortium,1,541.9772339,3.200000048,-15.19999981,375.0427856,19.20000076,158,252.7143402,124,53.9143219,59,51.09754181,4.599999905,18.10000038,3.099999905,-13.19999981,34.40000153
Ambystoma mavortium,1,428.5624695,2.799999952,-12.28786659,293.2771301,16.89999962,159,215.1253815,87,53,57.16669464,57.60370636,3.299999952,15.74073696,3.259269238,-11.15716743,29.15716743
Ambystoma mavortium,1,443.1286011,1.797092676,-16.5963192,308.9852905,17.89589119,162,225.0137634,81,48,62,57.81106186,3.103353024,16.79598808,1.98537755,-14.80000019,34.40000153
Ambystoma mavortium,1,411.6832886,4.099999905,-7.589158535,301.6912231,16.12859344,158.0415955,207.79039,99.66595459,36,56,53.46726608,4.5,14.89999962,3.799999952,-6.887537956,23.69167328
Ambystoma mavortium,1,530.3076172,3.200000048,-15.60000038,360,19.41174126,158,239,124,59.29054642,58,54.01166916,4.699999809,18.29999924,3.099999905,-13.19999981,35.01174545
Ambystoma mavortium,1,540.4472656,1.577421784,-16.55920029,363.0499573,17.62984276,146,248.3574982,123.3232727,61.63618851,58,48.53220749,2.977609873,16.38920212,1.667032242,-14.81616402,34.19233322
Ambystoma mavortium,1,445.4136963,3,-11.01320076,305,16.70000076,159,221,93,54,58,54.6126976,3.299999952,15.5,3.299999952,-10.11292171,27.70000076
Ambystoma mavortium,1,530,2.700000048,-15.89999962,356,19.10000038,156,243,121,62.55503464,58,53.59999847,4.199999809,17.89999962,2.900000095,-14.19999981,34.95550537
Ambystoma mavortium,1,560.7589722,1.200000048,-16.70000076,373.5630493,17.20000076,144,254,127,64,59,46.04365921,2.700000048,16,1.200000048,-15.02447128,33.90000153
Ambystoma mavortium,1,470.7550049,3.099999905,-10.31108475,344.5415039,16.20000076,154,243.4055176,102.2886963,44.59397507,56,47.09423065,3.599999905,15.02415943,3.299999952,-9.5,26.60000038
Ambystoma mavortium,1,374.9384766,2.499540806,-14.1004076,259.912384,17.60000038,157.8331451,193.1676331,78.02813721,42,57,67.77121735,3.200000048,16.4997139,3,-12.80318069,31.70000076
Ambystoma mavortium,1,399.7658997,1.790767312,-16.0805397,272.0982666,17.38955307,155,204.6552887,75.06685638,48.06690216,57,63.78340149,2.893215656,16.11919212,2.218159676,-14.10669231,33.40000153
Ambystoma mavortium,1,583.895752,2.900000095,-15.19999981,393.8952026,18.79999924,156,257.8850403,134,65,61,47.7605629,4.5,17.79999924,2.799999952,-13.5,34.0501976
Ambystoma mavortium,1,488.0836487,3.200000048,-10.07436085,337.2541809,16.37483788,158,242,104,56.26925659,57,48.46519089,3.5,15.17442799,3.5,-9.173085213,26.462286
Ambystoma mavortium,1,401.394928,1.399999976,-15.60000038,274.8925781,16.71051407,150,203.4981537,81,44,57,60.92087936,2.211213589,15.5,1.910657406,-14.19999981,32.40000153
Ambystoma mavortium,1,426.3448486,2.900000095,-11.04594231,291.8903809,16.51334953,159,213,88.94591522,51,58,56.6729126,3.299999952,15.31002903,3.299999952,-10.34050655,27.60540962
Ambystoma mavortium,1,572.9125366,2.900000095,-15.19999981,385.0921631,18.89999962,157,252.3553467,131.382019,65,61,49.05184174,4.5,17.79999924,2.799999952,-13.40268135,34.09999847
Ambystoma mavortium,1,545.9956055,2.400000095,-14.69999981,364.3545532,17.89999962,155,249.635498,126.4575424,64.78925323,59,49.14692307,3.5,16.79999924,2.599999905,-13.19999981,32.59999847
Ambystoma mavortium,1,573.6270752,3.200000048,-15.10000038,401,19.10000038,157,264,131,52,60,47.53726959,4.699999809,18.10000038,3.200000048,-13.30000019,34.20000076
